label,fp,dd,untainting,Explor SAT,Explor UNSAT,Explor other,Explor total,Explor time,CF SAT,CF UNSAT,CF other,CF total,CF time,Mem SAT,Mem UNSAT,Mem other,Mem total,Mem time,Insec SAT,Insec UNSAT,Insec other,Insec total,Insec time,Model total,Model time,Enum total,Enum time,enum_limit_reached,Total SAT,Total UNSAT,Total other,Total total,Total time,average query size, max query size,done checks,spared checks,paths,conditions,forks,unresolved_fork,resolved_forks,discarded,min_transient_dj,dba_instructions,x86instructions,addresses,merged,refused,aborted,wall time,MAX_DEPTH,MAX_PATH,TIMEOUT,store,canonical,mem_type,solver,bopt,transient_paths_pht,transient_paths_stl,pht_status,pht_dynamic,stl_status,max_spec_depth,violations,max_depth_reached,max_paths_reached,syscalls,solver_timeout_reached,enum_limit_reached,timeout_reached,interrupted,out_of_memory,exit_code
spectrev1_masking_case_1,1,1,1,2,0,0,2,0.008982,0,0,0,0,0,0,1,0,1,0.004044,0,1,0,1,0.004044,0,0,0,0,0,2,1,0,3,0.013026,771.666667,974,1,36,2,1,1,0,0,0,0,184,50,43,0,0,0,0.027821,0,0,inf,relational,1,row-map,boolector,0,0,0,NoPHT,Static,NoSTL,200,0,0,0,0,0,0,0,0,0,Secure
spectrev1_masking_case_2,1,1,1,2,0,0,2,0.008469,0,0,0,0,0,0,1,0,1,0.003938,0,1,0,1,0.003938,0,0,0,0,0,2,1,0,3,0.012407,821.666667,1124,1,49,2,1,1,0,0,0,0,230,67,60,0,0,0,0.028288,0,0,inf,relational,1,row-map,boolector,0,0,0,NoPHT,Static,NoSTL,200,0,0,0,0,0,0,0,0,0,Secure
spectrev1_masking_case_3,1,1,1,2,0,0,2,0.008484,0,0,0,0,0,0,1,0,1,0.004217,0,1,0,1,0.004217,0,0,0,0,0,2,1,0,3,0.012701,821.666667,1124,1,49,2,1,1,0,0,0,0,230,67,60,0,0,0,0.02827,0,0,inf,relational,1,row-map,boolector,0,0,0,NoPHT,Static,NoSTL,200,0,0,0,0,0,0,0,0,0,Secure
spectrev1_masking_case_4,1,1,1,2,0,0,2,0.007903,0,0,0,0,0,0,1,0,1,0.004241,0,1,0,1,0.004241,0,0,0,0,0,2,1,0,3,0.012144,870.333333,1198,1,40,2,1,1,0,0,0,0,228,59,52,0,0,0,0.028602,0,0,inf,relational,1,row-map,boolector,0,0,0,NoPHT,Static,NoSTL,200,0,0,0,0,0,0,0,0,0,Secure
spectrev1_masking_case_5,1,1,1,33,1,0,34,1.266003,0,0,0,0,0,0,15,0,15,0.536027,0,15,0,15,0.536027,0,0,0,0,0,33,16,0,49,1.80203,6361.836735,12282,15,519,17,17,17,0,0,1,0,1985,493,56,0,0,0,2.861865,0,0,inf,relational,1,row-map,boolector,0,0,0,NoPHT,Static,NoSTL,200,0,0,0,0,0,0,0,0,0,Secure
spectrev1_masking_case_6,1,1,1,2,0,0,2,0.008612,0,0,0,0,0,0,1,0,1,0.004364,0,1,0,1,0.004364,0,0,0,0,0,2,1,0,3,0.012976,989.333333,1207,1,43,2,1,1,0,0,0,0,256,69,62,0,0,0,0.030177,0,0,inf,relational,1,row-map,boolector,0,0,0,NoPHT,Static,NoSTL,200,0,0,0,0,0,0,0,0,0,Secure
spectrev1_masking_case_7,1,1,1,5,1,0,6,0.02978,0,0,0,0,0,0,1,0,1,0.004955,0,1,0,1,0.004955,0,0,0,0,0,5,2,0,7,0.034735,1003,1389,1,65,3,3,3,0,0,1,0,298,83,58,0,0,0,0.063002,0,0,inf,relational,1,row-map,boolector,0,0,0,NoPHT,Static,NoSTL,200,0,0,0,0,0,0,0,0,0,Secure
spectrev1_masking_case_8,1,1,1,2,0,0,2,0.008207,0,0,0,0,0,0,1,0,1,0.004757,0,1,0,1,0.004757,0,0,0,0,0,2,1,0,3,0.012964,781.333333,1003,1,48,2,1,1,0,0,0,0,264,74,49,0,0,0,0.029121,0,0,inf,relational,1,row-map,boolector,0,0,0,NoPHT,Static,NoSTL,200,0,0,0,0,0,0,0,0,0,Secure
spectrev1_masking_case_9,1,1,1,1,1,0,2,0.005468,0,0,0,0,0,0,0,0,0,0,0,0,0,0,0,0,0,0,0,0,1,1,0,2,0.005468,512,512,0,18,1,1,1,0,0,1,0,81,23,23,0,0,0,0.014139,0,0,inf,relational,1,row-map,boolector,0,0,0,NoPHT,Static,NoSTL,200,0,0,0,0,0,0,0,0,0,Secure
spectrev1_masking_case_10,1,1,1,8,0,0,8,0.042504,0,1,0,1,0.00421,0,0,0,0,0,0,1,0,1,0.00421,0,0,0,0,0,8,1,0,9,0.046714,1008.444444,1107,1,48,3,2,2,0,0,0,0,214,60,46,0,0,0,0.078316,0,0,inf,relational,1,row-map,boolector,0,0,0,NoPHT,Static,NoSTL,200,0,0,0,0,0,0,0,0,0,Secure
spectrev1_masking_case_11gcc,1,1,1,33,1,0,34,0.545516,0,1,0,1,0.005599,0,1,0,1,0.004422,0,2,0,2,0.010021,0,0,0,0,0,33,3,0,36,0.555537,1577.25,1697,2,60,2,4,4,0,0,3,0,304,93,80,0,0,0,0.682543,0,0,inf,relational,1,row-map,boolector,0,0,0,NoPHT,Static,NoSTL,200,0,0,0,0,0,0,0,0,0,Secure
spectrev1_masking_case_11ker,1,1,1,31,1,0,32,0.403672,0,1,0,1,0.004946,0,1,0,1,0.00436,0,2,0,2,0.009306,0,0,0,0,0,31,3,0,34,0.412978,1749.205882,1888,2,89,2,4,4,0,0,3,0,335,95,85,0,0,0,0.538522,0,0,inf,relational,1,row-map,boolector,0,0,0,NoPHT,Static,NoSTL,200,0,0,0,0,0,0,0,0,0,Secure
spectrev1_masking_case_11sub,1,1,1,2,0,0,2,0.00894,0,0,0,0,0,0,1,0,1,0.005289,0,1,0,1,0.005289,0,0,0,0,0,2,1,0,3,0.014229,915.666667,1406,1,71,2,3,3,0,0,2,0,293,83,76,0,0,0,0.031736,0,0,inf,relational,1,row-map,boolector,0,0,0,NoPHT,Static,NoSTL,200,0,0,0,0,0,0,0,0,0,Secure
spectrev1_masking_case_12,1,1,1,2,0,0,2,0.02307,0,0,0,0,0,0,1,0,1,0.004372,0,1,0,1,0.004372,0,0,0,0,0,2,1,0,3,0.027442,1048,1383,1,43,2,1,1,0,0,0,0,242,65,58,0,0,0,0.044369,0,0,inf,relational,1,row-map,boolector,0,0,0,NoPHT,Static,NoSTL,200,0,0,0,0,0,0,0,0,0,Secure
spectrev1_masking_case_13,1,1,1,2,0,0,2,0.009083,0,0,0,0,0,0,1,0,1,0.004562,0,1,0,1,0.004562,0,0,0,0,0,2,1,0,3,0.013645,808.666667,1025,1,42,2,3,3,0,0,2,0,218,62,52,0,0,0,0.028597,0,0,inf,relational,1,row-map,boolector,0,0,0,NoPHT,Static,NoSTL,200,0,0,0,0,0,0,0,0,0,Secure
spectrev1_masking_case_14,1,1,1,2,0,0,2,0.010602,0,0,0,0,0,0,1,0,1,0.005605,0,1,0,1,0.005605,0,0,0,0,0,2,1,0,3,0.016207,868,1185,1,43,2,1,1,0,0,0,0,228,62,55,0,0,0,0.037289,0,0,inf,relational,1,row-map,boolector,0,0,0,NoPHT,Static,NoSTL,200,0,0,0,0,0,0,0,0,0,Secure
spectrev1_masking_case_1,1,1,1,2,0,0,2,0.008098,0,0,0,0,0,0,2,0,2,0.009531,0,2,0,2,0.009531,0,0,0,0,0,2,2,0,4,0.017629,820.75,977,2,51,4,1,1,1,0,0,0,300,82,43,0,0,0,0.041472,0,0,inf,relational,1,row-map,boolector,0,2,0,ExplicitSmarter,Full,NoSTL,200,0,0,0,0,0,0,0,0,0,Secure
spectrev1_masking_case_2,1,1,1,2,0,0,2,0.009167,0,0,0,0,0,0,2,0,2,0.008845,0,2,0,2,0.008845,0,0,0,0,0,2,2,0,4,0.018012,895.75,1127,2,77,4,1,1,1,0,0,0,392,116,60,0,0,0,0.041421,0,0,inf,relational,1,row-map,boolector,0,2,0,ExplicitSmarter,Full,NoSTL,200,0,0,0,0,0,0,0,0,0,Secure
spectrev1_masking_case_3,1,1,1,2,0,0,2,0.007898,0,0,0,0,0,0,2,0,2,0.012013,0,2,0,2,0.012013,0,0,0,0,0,2,2,0,4,0.019911,895.75,1127,2,77,4,1,1,1,0,0,0,392,116,60,0,0,0,0.045453,0,0,inf,relational,1,row-map,boolector,0,2,0,ExplicitSmarter,Full,NoSTL,200,0,0,0,0,0,0,0,0,0,Secure
spectrev1_masking_case_4,1,1,1,2,0,0,2,0.00949,0,0,0,0,0,0,2,0,2,0.010627,0,2,0,2,0.010627,0,0,0,0,0,2,2,0,4,0.020117,950.75,1201,2,59,4,1,1,1,0,0,0,372,98,52,0,0,0,0.043905,0,0,inf,relational,1,row-map,boolector,0,2,0,ExplicitSmarter,Full,NoSTL,200,0,0,0,0,0,0,0,0,0,Secure
spectrev1_masking_case_5,1,1,1,215,165,0,380,20.505538,0,0,0,0,0,0,187,0,187,8.923087,0,187,0,187,8.923087,0,0,0,0,0,215,352,0,567,29.428626,8389.765432,18322,187,6285,241,190,190,190,0,330,0,24838,6303,56,0,0,0,51.209747,0,0,inf,relational,1,row-map,boolector,0,224,0,ExplicitSmarter,Full,NoSTL,200,0,0,0,0,0,0,0,0,0,Secure
spectrev1_masking_case_6,1,1,1,2,0,0,2,0.007915,0,0,0,0,0,0,2,0,2,0.009189,0,2,0,2,0.009189,0,0,0,0,0,2,2,0,4,0.017105,1042.25,1210,2,61,4,1,1,1,0,0,0,374,102,62,0,0,0,0.037976,0,0,inf,relational,1,row-map,boolector,0,2,0,ExplicitSmarter,Full,NoSTL,200,0,0,0,0,0,0,0,0,0,Secure
spectrev1_masking_case_7,1,1,1,8,2,0,10,0.048351,0,0,0,0,0,0,2,0,2,0.008769,0,2,0,2,0.008769,0,0,0,0,0,8,4,0,12,0.05712,1053.75,1389,2,145,12,5,5,5,0,4,0,666,195,58,0,0,0,0.10339,0,0,inf,relational,1,row-map,boolector,0,9,0,ExplicitSmarter,Full,NoSTL,200,0,0,0,0,0,0,0,0,0,Secure
spectrev1_masking_case_8,1,1,1,2,0,0,2,0.008025,0,0,0,0,0,0,2,0,2,0.008572,0,2,0,2,0.008572,0,0,0,0,0,2,2,0,4,0.016597,836.75,1012,2,75,4,1,1,1,0,0,0,460,130,49,0,0,0,0.038212,0,0,inf,relational,1,row-map,boolector,0,2,0,ExplicitSmarter,Full,NoSTL,200,0,0,0,0,0,0,0,0,0,Secure
spectrev1_masking_case_9,1,1,1,1,1,0,2,0.005868,0,0,0,0,0,0,1,0,1,0.007657,0,1,0,1,0.007657,0,0,0,0,0,1,2,0,3,0.013525,614.666667,820,1,29,2,1,1,1,0,2,0,173,48,40,0,0,0,0.025745,0,0,inf,relational,1,row-map,boolector,0,1,0,ExplicitSmarter,Full,NoSTL,200,0,0,0,0,0,0,0,0,0,Secure
spectrev1_masking_case_10,1,1,1,10,0,0,10,0.061873,0,2,0,2,0.008012,0,0,0,0,0,0,2,0,2,0.008012,0,0,0,0,0,10,2,0,12,0.069885,1030.333333,1107,2,95,10,3,3,3,0,0,0,482,137,46,0,0,0,0.110475,0,0,inf,relational,1,row-map,boolector,0,7,0,ExplicitSmarter,Full,NoSTL,200,0,0,0,0,0,0,0,0,0,Secure
spectrev1_masking_case_11gcc,1,1,1,325,55,0,380,31.370262,0,55,0,55,0.569133,0,2,0,2,0.008413,0,57,0,57,0.577546,0,0,0,0,0,325,112,0,437,31.947809,3743.016018,6059,57,1062,89,86,86,86,0,170,0,5378,1909,90,0,0,0,34.793241,0,0,inf,relational,1,row-map,boolector,0,87,0,ExplicitSmarter,Full,NoSTL,200,0,0,0,0,0,0,0,0,0,Secure
spectrev1_masking_case_11ker,1,1,1,244,23,0,267,22.676251,0,23,0,23,0.243053,0,2,0,2,0.007548,0,25,0,25,0.250601,0,0,0,0,0,244,48,0,292,22.926852,5440.982877,9628,25,1206,51,48,48,48,0,94,0,3729,1128,85,0,0,0,25.562405,0,0,inf,relational,1,row-map,boolector,0,49,0,ExplicitSmarter,Full,NoSTL,200,0,0,0,0,0,0,0,0,0,Secure
spectrev1_masking_case_11sub,1,1,1,440,32,0,472,47.31043,0,98,0,98,2.266408,0,4,0,4,0.012657,0,102,0,102,2.279065,0,0,0,0,0,440,134,0,574,49.589494,6613.412892,10365,102,4146,398,263,263,263,0,392,0,18917,5359,84,0,0,0,56.542214,0,0,inf,relational,1,row-map,boolector,0,396,0,ExplicitSmarter,Full,NoSTL,200,0,0,0,0,0,0,0,0,0,Secure
spectrev1_masking_case_12,1,1,1,2,0,0,2,0.022763,0,0,0,0,0,0,2,0,2,0.008481,0,2,0,2,0.008481,0,0,0,0,0,2,2,0,4,0.031244,1130.25,1386,2,63,4,1,1,1,0,0,0,384,103,58,0,0,0,0.052963,0,0,inf,relational,1,row-map,boolector,0,2,0,ExplicitSmarter,Full,NoSTL,200,0,0,0,0,0,0,0,0,0,Secure
spectrev1_masking_case_13,1,1,1,2,0,0,2,0.007722,0,0,0,0,0,0,2,0,2,0.008355,0,2,0,2,0.008355,0,0,0,0,0,2,2,0,4,0.016077,861.25,1028,2,59,8,5,5,1,4,8,0,368,106,52,0,0,0,0.034705,0,0,inf,relational,1,row-map,boolector,0,6,0,ExplicitSmarter,Full,NoSTL,200,0,0,0,0,0,0,0,0,0,Secure
spectrev1_masking_case_14,1,1,1,2,0,0,2,0.007479,0,0,0,0,0,0,2,0,2,0.008117,0,2,0,2,0.008117,0,0,0,0,0,2,2,0,4,0.015596,945.75,1188,2,62,4,1,1,1,0,0,0,374,102,55,0,0,0,0.035204,0,0,inf,relational,1,row-map,boolector,0,2,0,ExplicitSmarter,Full,NoSTL,200,0,0,0,0,0,0,0,0,0,Secure
spectrev1_masking_case_1,1,1,1,0,0,0,0,0,0,0,0,0,0,0,1,0,1,0.003931,0,1,0,1,0.003931,0,0,0,0,0,0,1,0,1,0.003931,967,967,1,36,2,1,1,1,0,0,0,186,51,43,0,0,0,0.013314,0,0,inf,relational,1,row-map,boolector,0,2,0,Haunted,Full,NoSTL,200,0,0,0,0,0,0,0,0,0,Secure
spectrev1_masking_case_2,1,1,1,0,0,0,0,0,0,0,0,0,0,0,1,0,1,0.003981,0,1,0,1,0.003981,0,0,0,0,0,0,1,0,1,0.003981,1117,1117,1,49,2,1,1,1,0,0,0,232,68,60,0,0,0,0.014027,0,0,inf,relational,1,row-map,boolector,0,2,0,Haunted,Full,NoSTL,200,0,0,0,0,0,0,0,0,0,Secure
spectrev1_masking_case_3,1,1,1,0,0,0,0,0,0,0,0,0,0,0,1,0,1,0.003963,0,1,0,1,0.003963,0,0,0,0,0,0,1,0,1,0.003963,1117,1117,1,49,2,1,1,1,0,0,0,232,68,60,0,0,0,0.014153,0,0,inf,relational,1,row-map,boolector,0,2,0,Haunted,Full,NoSTL,200,0,0,0,0,0,0,0,0,0,Secure
spectrev1_masking_case_4,1,1,1,0,0,0,0,0,0,0,0,0,0,0,1,0,1,0.004144,0,1,0,1,0.004144,0,0,0,0,0,0,1,0,1,0.004144,1191,1191,1,40,2,1,1,1,0,0,0,230,60,52,0,0,0,0.014582,0,0,inf,relational,1,row-map,boolector,0,2,0,Haunted,Full,NoSTL,200,0,0,0,0,0,0,0,0,0,Secure
spectrev1_masking_case_5,1,1,1,17,1,0,18,1.404392,0,0,0,0,0,0,23,0,23,1.203395,0,23,0,23,1.203395,0,0,0,0,0,17,24,0,41,2.607787,10710.658537,18522,23,783,26,25,25,25,0,0,0,3060,772,56,0,0,0,5.167179,0,0,inf,relational,1,row-map,boolector,0,26,0,Haunted,Full,NoSTL,200,0,0,0,0,0,0,0,0,0,Secure
spectrev1_masking_case_6,1,1,1,0,0,0,0,0,0,0,0,0,0,0,1,0,1,0.004727,0,1,0,1,0.004727,0,0,0,0,0,0,1,0,1,0.004727,1200,1200,1,43,2,1,1,1,0,0,0,258,70,62,0,0,0,0.015877,0,0,inf,relational,1,row-map,boolector,0,2,0,Haunted,Full,NoSTL,200,0,0,0,0,0,0,0,0,0,Secure
spectrev1_masking_case_7,1,1,1,0,0,0,0,0,0,0,0,0,0,0,1,0,1,0.004311,0,1,0,1,0.004311,0,0,0,0,0,0,1,0,1,0.004311,1009,1009,1,69,4,3,3,3,0,0,0,326,92,58,0,0,0,0.016136,0,0,inf,relational,1,row-map,boolector,0,4,0,Haunted,Full,NoSTL,200,0,0,0,0,0,0,0,0,0,Secure
spectrev1_masking_case_8,1,1,1,0,0,0,0,0,0,0,0,0,0,0,1,0,1,0.004262,0,1,0,1,0.004262,0,0,0,0,0,0,1,0,1,0.004262,996,996,1,48,2,1,1,1,0,0,0,266,75,49,0,0,0,0.014825,0,0,inf,relational,1,row-map,boolector,0,2,0,Haunted,Full,NoSTL,200,0,0,0,0,0,0,0,0,0,Secure
spectrev1_masking_case_9,1,1,1,0,0,0,0,0,0,0,0,0,0,0,1,0,1,0.00402,0,1,0,1,0.00402,0,0,0,0,0,0,1,0,1,0.00402,813,813,1,29,2,1,1,1,0,0,0,173,48,40,0,0,0,0.012405,0,0,inf,relational,1,row-map,boolector,0,2,0,Haunted,Full,NoSTL,200,0,0,0,0,0,0,0,0,0,Secure
spectrev1_masking_case_10,1,1,1,0,0,0,0,0,0,1,0,1,0.003966,0,0,0,0,0,0,1,0,1,0.003966,0,0,0,0,0,0,1,0,1,0.003966,1079,1079,1,48,3,2,2,2,0,0,0,218,62,46,0,0,0,0.013639,0,0,inf,relational,1,row-map,boolector,0,3,0,Haunted,Full,NoSTL,200,0,0,0,0,0,0,0,0,0,Secure
spectrev1_masking_case_11gcc,1,1,1,14,0,0,14,0.310486,0,31,0,31,0.379061,0,1,0,1,0.00409,0,32,0,32,0.383151,0,0,0,0,0,14,32,0,46,0.693638,3737.217391,5078,32,613,50,49,49,49,0,0,0,3078,1090,90,0,0,0,1.001433,0,0,inf,relational,1,row-map,boolector,0,50,0,Haunted,Full,NoSTL,200,0,0,0,0,0,0,0,0,0,Secure
spectrev1_masking_case_11ker,1,1,1,10,0,0,10,0.207439,0,13,0,13,0.146168,0,1,0,1,0.004045,0,14,0,14,0.150213,0,0,0,0,0,10,14,0,24,0.357652,6510.083333,9021,14,694,29,28,28,28,0,0,0,2148,651,85,0,0,0,0.684057,0,0,inf,relational,1,row-map,boolector,0,29,0,Haunted,Full,NoSTL,200,0,0,0,0,0,0,0,0,0,Secure
spectrev1_masking_case_11sub,1,1,1,5,0,0,5,0.10782,0,22,0,22,0.316811,0,2,0,2,0.008296,0,24,0,24,0.325106,0,0,0,0,0,5,24,0,29,0.432926,5544.551724,9261,24,861,48,47,47,47,0,0,0,3858,1136,84,0,0,0,0.787066,0,0,inf,relational,1,row-map,boolector,0,48,0,Haunted,Full,NoSTL,200,0,0,0,0,0,0,0,0,0,Secure
spectrev1_masking_case_12,1,1,1,0,0,0,0,0,0,0,0,0,0,0,1,0,1,0.004235,0,1,0,1,0.004235,0,0,0,0,0,0,1,0,1,0.004235,1376,1376,1,43,2,1,1,1,0,0,0,244,66,58,0,0,0,0.01519,0,0,inf,relational,1,row-map,boolector,0,2,0,Haunted,Full,NoSTL,200,0,0,0,0,0,0,0,0,0,Secure
spectrev1_masking_case_13,1,1,1,0,0,0,0,0,0,0,0,0,0,0,1,0,1,0.002989,0,1,0,1,0.002989,0,0,0,0,0,0,1,0,1,0.002989,1018,1018,1,42,4,3,3,1,2,0,0,224,65,52,0,0,0,0.015834,0,0,inf,relational,1,row-map,boolector,0,4,0,Haunted,Full,NoSTL,200,0,0,0,0,0,0,0,0,0,Secure
spectrev1_masking_case_14,1,1,1,0,0,0,0,0,0,0,0,0,0,0,1,0,1,0.004158,0,1,0,1,0.004158,0,0,0,0,0,0,1,0,1,0.004158,1178,1178,1,43,2,1,1,1,0,0,0,230,63,55,0,0,0,0.014104,0,0,inf,relational,1,row-map,boolector,0,2,0,Haunted,Full,NoSTL,200,0,0,0,0,0,0,0,0,0,Secure
spectrev1_case_1,1,1,1,0,0,0,0,0,0,0,0,0,0,1,0,0,1,0.071773,1,0,0,1,0.071773,0,0,0,0,0,1,0,0,1,0.071773,761,761,1,28,2,1,1,1,0,0,0,139,41,34,0,0,0,0.124116,0,0,inf,relational,1,row-map,boolector,0,2,0,Haunted,Full,NoSTL,200,1,0,0,0,0,0,0,0,0,Insecure
spectrev1_case_2,1,1,1,0,0,0,0,0,0,0,0,0,0,1,0,0,1,0.056886,1,0,0,1,0.056886,0,0,0,0,0,1,0,0,1,0.056886,867,867,1,42,2,1,1,1,0,0,0,186,57,50,0,0,0,0.109862,0,0,inf,relational,1,row-map,boolector,0,2,0,Haunted,Full,NoSTL,200,1,0,0,0,0,0,0,0,0,Insecure
spectrev1_case_3,1,1,1,0,0,0,0,0,0,0,0,0,0,1,0,0,1,0.063322,1,0,0,1,0.063322,0,0,0,0,0,1,0,0,1,0.063322,867,867,1,42,2,1,1,1,0,0,0,186,57,50,0,0,0,0.112834,0,0,inf,relational,1,row-map,boolector,0,2,0,Haunted,Full,NoSTL,200,1,0,0,0,0,0,0,0,0,Insecure
spectrev1_case_4,1,1,1,0,0,0,0,0,0,0,0,0,0,1,0,0,1,0.058922,1,0,0,1,0.058922,0,0,0,0,0,1,0,0,1,0.058922,858,858,1,28,2,1,1,1,0,0,0,168,45,38,0,0,0,0.10743,0,0,inf,relational,1,row-map,boolector,0,2,0,Haunted,Full,NoSTL,200,1,0,0,0,0,0,0,0,0,Insecure
spectrev1_case_5,1,1,1,17,1,0,18,1.198771,0,0,0,0,0,1,0,0,1,0.083119,1,0,0,1,0.083119,0,0,0,0,0,18,1,0,19,1.28189,9578.315789,14468,26,543,28,27,27,27,0,0,0,2490,711,50,0,0,0,2.217647,0,0,inf,relational,1,row-map,boolector,0,28,0,Haunted,Full,NoSTL,200,1,0,0,0,0,0,0,0,0,Insecure
spectrev1_case_6,1,1,1,0,0,0,0,0,0,0,0,0,0,1,0,0,1,0.0378,1,0,0,1,0.0378,0,0,0,0,0,1,0,0,1,0.0378,752,752,1,28,2,1,1,1,0,0,0,160,45,38,0,0,0,0.085764,0,0,inf,relational,1,row-map,boolector,0,2,0,Haunted,Full,NoSTL,200,1,0,0,0,0,0,0,0,0,Insecure
spectrev1_case_7,1,1,1,0,0,0,0,0,0,0,0,0,0,1,0,0,1,0.035154,1,0,0,1,0.035154,0,0,0,0,0,1,0,0,1,0.035154,707,707,1,57,4,3,3,3,0,0,0,276,83,48,0,0,0,0.091495,0,0,inf,relational,1,row-map,boolector,0,4,0,Haunted,Full,NoSTL,200,1,0,0,0,0,0,0,0,0,Insecure
spectrev1_case_8,1,1,1,0,0,0,0,0,0,0,0,0,0,1,0,0,1,0.064168,1,0,0,1,0.064168,0,0,0,0,0,1,0,0,1,0.064168,796,796,1,45,2,1,1,1,0,0,0,206,66,47,0,0,0,0.111712,0,0,inf,relational,1,row-map,boolector,0,2,0,Haunted,Full,NoSTL,200,1,0,0,0,0,0,0,0,0,Insecure
spectrev1_case_9,1,1,1,0,0,0,0,0,0,0,0,0,0,1,0,0,1,0.02601,1,0,0,1,0.02601,0,0,0,0,0,1,0,0,1,0.02601,532,532,1,14,2,1,1,1,0,0,0,91,25,21,0,0,0,0.068805,0,0,inf,relational,1,row-map,boolector,0,2,0,Haunted,Full,NoSTL,200,1,0,0,0,0,0,0,0,0,Insecure
spectrev1_case_10,1,1,1,0,0,0,0,0,1,0,0,1,0.059958,0,0,0,0,0,1,0,0,1,0.059958,0,0,0,0,0,1,0,0,1,0.059958,879,879,1,36,3,2,2,2,0,0,0,174,54,39,0,0,0,0.109555,0,0,inf,relational,1,row-map,boolector,0,3,0,Haunted,Full,NoSTL,200,1,0,0,0,0,0,0,0,0,Insecure
spectrev1_case_11gcc,1,1,1,5,0,0,5,0.487288,231,0,0,231,40.067261,2,0,0,2,0.209346,233,0,0,233,40.276607,0,0,0,0,0,238,0,0,238,40.763895,2136.773109,7488,40,603,28,31,31,31,0,0,0,2568,816,91,0,0,0,43.256854,0,0,inf,relational,1,row-map,boolector,0,28,0,Haunted,Full,NoSTL,200,4,0,0,0,0,0,0,1,0,Insecure
secretbox_main,1,1,1,0,0,0,0,0,0,0,0,0,0,0,0,0,0,0,0,0,0,0,0,0,0,0,0,0,0,0,0,0,0,-nan,0,0,47213,1,602,663,0,0,663,0,230508,54936,2721,0,0,0,5.459149,0,0,inf,relational,1,row-map,boolector,0,0,0,NoPHT,Static,NoSTL,200,0,0,0,0,0,0,0,0,0,Secure
secretbox_main,1,1,1,3877,1329,0,5206,21427.736583,11,0,0,11,26.199454,3,0,0,3,6.245685,14,0,0,14,32.445139,0,0,0,0,0,3891,1329,0,5220,21460.181721,9495.124138,16099,325,280587,15369,13060,117636,13084,104552,128356,0,1353501,192019,769,0,0,0,21600.004661,0,0,inf,relational,1,row-map,boolector,0,15369,0,ExplicitSmarter,Full,NoSTL,200,13,0,0,3331,0,0,1,0,0,Insecure
secretbox_main,1,1,1,12,0,0,12,0.078812,16,0,0,16,32.983112,3,0,0,3,5.928305,19,0,0,19,38.911417,0,0,0,0,0,31,0,0,31,38.990229,9393.290323,11963,2620,21402117,2196824,2196817,3652570,3646711,5859,1455747,0,120089861,29091091,3583,0,0,0,2420.652731,0,0,inf,relational,1,row-map,boolector,0,2196824,0,Haunted,Full,NoSTL,200,17,0,0,1583,0,0,0,0,0,Insecure
secretbox_main,1,1,1,2969,336,0,3305,17937.963077,1,9228,0,9229,1787.890809,3,1978,0,1981,334.925164,4,11206,0,11210,2122.815973,0,0,0,0,0,2973,11542,0,14515,20060.77905,8303.151705,8408,718784,28273228,12980111,1982,1982,0,0,664,0,58475749,27481802,225,0,0,0,21600.003497,0,0,inf,relational,1,row-map,boolector,0,12980111,12978932,NoPHT,Static,ExplicitSTL,200,4,0,0,0,0,0,1,0,0,Insecure
secretbox_main,1,1,1,128,97,0,225,13597.676768,26,38,0,64,7882.64002,4,0,0,4,52.12573,30,38,0,68,7934.765751,0,0,0,0,0,158,135,0,293,21532.442518,90566.948805,172655,119,799,2,114,114,0,0,97,0,3992,1050,408,0,0,0,21600.003514,0,0,inf,relational,1,row-map,boolector,0,2,0,NoPHT,Static,HauntedIteSTL,200,26,0,0,0,0,0,1,0,0,Insecure
tea_encrypt_O0_main,1,1,1,0,0,0,0,0,0,0,0,0,0,0,0,0,0,0,0,0,0,0,0,0,0,0,0,0,0,0,0,0,0,-nan,0,0,593,1,33,33,0,0,33,0,4830,960,84,0,0,0,0.123157,0,0,inf,relational,1,row-map,boolector,0,0,0,NoPHT,Static,NoSTL,200,0,0,0,0,0,0,0,0,0,Secure
tea_encrypt_O1_main,1,1,1,0,0,0,0,0,0,0,0,0,0,0,0,0,0,0,0,0,0,0,0,0,0,0,0,0,0,0,0,0,0,-nan,0,0,226,1,32,32,0,0,32,0,4720,804,59,0,0,0,0.107033,0,0,inf,relational,1,row-map,boolector,0,0,0,NoPHT,Static,NoSTL,200,0,0,0,0,0,0,0,0,0,Secure
tea_encrypt_O2_main,1,1,1,0,0,0,0,0,0,0,0,0,0,0,0,0,0,0,0,0,0,0,0,0,0,0,0,0,0,0,0,0,0,-nan,0,0,226,1,32,32,0,0,32,0,4737,806,61,0,0,0,0.10901,0,0,inf,relational,1,row-map,boolector,0,0,0,NoPHT,Static,NoSTL,200,0,0,0,0,0,0,0,0,0,Secure
tea_encrypt_O3_main,1,1,1,0,0,0,0,0,0,0,0,0,0,0,0,0,0,0,0,0,0,0,0,0,0,0,0,0,0,0,0,0,0,-nan,0,0,226,1,32,32,0,0,32,0,4737,806,61,0,0,0,0.10718,0,0,inf,relational,1,row-map,boolector,0,0,0,NoPHT,Static,NoSTL,200,0,0,0,0,0,0,0,0,0,Secure
tea_encrypt_Of_main,1,1,1,0,0,0,0,0,0,0,0,0,0,0,0,0,0,0,0,0,0,0,0,0,0,0,0,0,0,0,0,0,0,-nan,0,0,226,1,32,32,0,0,32,0,4737,806,61,0,0,0,0.108537,0,0,inf,relational,1,row-map,boolector,0,0,0,NoPHT,Static,NoSTL,200,0,0,0,0,0,0,0,0,0,Secure
tea_encrypt_O0_main,1,1,1,0,0,0,0,0,0,0,0,0,0,0,0,0,0,0,0,0,0,0,0,0,0,0,0,0,0,0,0,0,0,-nan,0,0,1129,40,39,39,39,0,78,0,8087,1802,84,0,0,0,0.173284,0,0,inf,relational,1,row-map,boolector,0,39,0,ExplicitSmarter,Full,NoSTL,200,0,0,0,0,0,0,0,0,0,Secure
tea_encrypt_O1_main,1,1,1,0,0,0,0,0,0,0,0,0,0,0,0,0,0,0,0,0,0,0,0,0,0,0,0,0,0,0,0,0,0,-nan,0,0,226,33,32,32,0,32,64,0,4784,836,59,0,0,0,0.110158,0,0,inf,relational,1,row-map,boolector,0,32,0,ExplicitSmarter,Full,NoSTL,200,0,0,0,0,0,0,0,0,0,Secure
tea_encrypt_O2_main,1,1,1,0,0,0,0,0,0,0,0,0,0,0,0,0,0,0,0,0,0,0,0,0,0,0,0,0,0,0,0,0,0,-nan,0,0,226,33,32,32,0,32,64,0,4801,838,61,0,0,0,0.111173,0,0,inf,relational,1,row-map,boolector,0,32,0,ExplicitSmarter,Full,NoSTL,200,0,0,0,0,0,0,0,0,0,Secure
tea_encrypt_O3_main,1,1,1,0,0,0,0,0,0,0,0,0,0,0,0,0,0,0,0,0,0,0,0,0,0,0,0,0,0,0,0,0,0,-nan,0,0,226,33,32,32,0,32,64,0,4801,838,61,0,0,0,0.111299,0,0,inf,relational,1,row-map,boolector,0,32,0,ExplicitSmarter,Full,NoSTL,200,0,0,0,0,0,0,0,0,0,Secure
tea_encrypt_Of_main,1,1,1,0,0,0,0,0,0,0,0,0,0,0,0,0,0,0,0,0,0,0,0,0,0,0,0,0,0,0,0,0,0,-nan,0,0,226,33,32,32,0,32,64,0,4801,838,61,0,0,0,0.108781,0,0,inf,relational,1,row-map,boolector,0,32,0,ExplicitSmarter,Full,NoSTL,200,0,0,0,0,0,0,0,0,0,Secure
tea_encrypt_O0_main,1,1,1,0,0,0,0,0,0,0,0,0,0,0,0,0,0,0,0,0,0,0,0,0,0,0,0,0,0,0,0,0,0,-nan,0,0,1129,40,39,39,39,0,0,0,8087,1802,84,0,0,0,0.173358,0,0,inf,relational,1,row-map,boolector,0,40,0,Haunted,Full,NoSTL,200,0,0,0,0,0,0,0,0,0,Secure
tea_encrypt_O1_main,1,1,1,0,0,0,0,0,0,0,0,0,0,0,0,0,0,0,0,0,0,0,0,0,0,0,0,0,0,0,0,0,0,-nan,0,0,226,33,32,32,0,32,0,0,4784,836,59,0,0,0,0.111138,0,0,inf,relational,1,row-map,boolector,0,32,0,Haunted,Full,NoSTL,200,0,0,0,0,0,0,0,0,0,Secure
tea_encrypt_O2_main,1,1,1,0,0,0,0,0,0,0,0,0,0,0,0,0,0,0,0,0,0,0,0,0,0,0,0,0,0,0,0,0,0,-nan,0,0,226,33,32,32,0,32,0,0,4801,838,61,0,0,0,0.109021,0,0,inf,relational,1,row-map,boolector,0,32,0,Haunted,Full,NoSTL,200,0,0,0,0,0,0,0,0,0,Secure
tea_encrypt_O3_main,1,1,1,0,0,0,0,0,0,0,0,0,0,0,0,0,0,0,0,0,0,0,0,0,0,0,0,0,0,0,0,0,0,-nan,0,0,226,33,32,32,0,32,0,0,4801,838,61,0,0,0,0.109368,0,0,inf,relational,1,row-map,boolector,0,32,0,Haunted,Full,NoSTL,200,0,0,0,0,0,0,0,0,0,Secure
tea_encrypt_Of_main,1,1,1,0,0,0,0,0,0,0,0,0,0,0,0,0,0,0,0,0,0,0,0,0,0,0,0,0,0,0,0,0,0,-nan,0,0,226,33,32,32,0,32,0,0,4801,838,61,0,0,0,0.112832,0,0,inf,relational,1,row-map,boolector,0,32,0,Haunted,Full,NoSTL,200,0,0,0,0,0,0,0,0,0,Secure
tea_encrypt_O0_main,1,1,1,8858,5314,0,14172,36.569092,1,0,0,1,0.338598,1,0,0,1,0.184871,2,0,0,2,0.523469,0,0,0,0,0,8860,5314,0,14174,37.092561,8931.454353,8959,2994,4773551,4580837,8856,8856,0,0,7084,0,108382690,15892084,84,0,0,0,3600.003363,0,0,inf,relational,1,row-map,boolector,0,4580837,4579237,NoPHT,Static,ExplicitSTL,200,2,0,0,0,0,0,1,0,0,Insecure
tea_encrypt_O1_main,1,1,1,0,0,0,0,0,0,0,0,0,0,0,0,0,0,0,0,0,0,0,0,0,0,0,0,0,0,0,0,0,0,-nan,0,0,3328449,1637784,1690619,1690619,0,0,1690619,0,155642939,26046167,47,0,0,0,3600.007123,0,0,inf,relational,1,row-map,boolector,0,1637784,1637832,NoPHT,Static,ExplicitSTL,200,0,0,0,0,0,0,1,0,0,Unknown
tea_encrypt_O2_main,1,1,1,0,0,0,0,0,0,0,0,0,0,0,0,0,0,0,0,0,0,0,0,0,0,0,0,0,0,0,0,0,0,-nan,0,0,4127445,2030942,2096459,2096459,0,0,2096459,0,157627849,28433290,49,0,0,0,3600.003065,0,0,inf,relational,1,row-map,boolector,0,2030942,2031024,NoPHT,Static,ExplicitSTL,200,0,0,0,0,0,0,1,0,0,Unknown
tea_encrypt_O3_main,1,1,1,0,0,0,0,0,0,0,0,0,0,0,0,0,0,0,0,0,0,0,0,0,0,0,0,0,0,0,0,0,0,-nan,0,0,4233687,2083217,2150421,2150421,0,0,2150421,0,161685191,29165162,49,0,0,0,3600.003136,0,0,inf,relational,1,row-map,boolector,0,2083217,2083304,NoPHT,Static,ExplicitSTL,200,0,0,0,0,0,0,1,0,0,Unknown
tea_encrypt_Of_main,1,1,1,0,0,0,0,0,0,0,0,0,0,0,0,0,0,0,0,0,0,0,0,0,0,0,0,0,0,0,0,0,0,-nan,0,0,4159314,2046623,2112645,2112645,0,0,2112645,0,158844904,28652824,49,0,0,0,3600.00328,0,0,inf,relational,1,row-map,boolector,0,2046623,2046707,NoPHT,Static,ExplicitSTL,200,0,0,0,0,0,0,1,0,0,Unknown
tea_encrypt_O0_main,1,1,1,53,27,0,80,0.646513,2,0,0,2,2.166504,1,5,0,6,1.265314,3,5,0,8,3.431818,0,0,0,0,0,56,32,0,88,4.078331,33728.965909,69355,20,945,14,40,40,0,0,27,0,6586,1364,84,0,0,0,7.994582,0,0,inf,relational,1,row-map,boolector,0,14,0,NoPHT,Static,HauntedIteSTL,200,2,0,0,0,0,0,0,0,0,Insecure
tea_encrypt_O1_main,1,1,1,0,0,0,0,0,1,1,0,2,1457.087949,6,1,0,7,0.394787,7,2,0,9,1457.482736,0,0,0,0,0,7,2,0,9,1457.482736,18924.666667,54859,9,226,1,32,32,0,0,32,0,4720,804,59,0,0,0,1457.835303,0,0,inf,relational,1,row-map,boolector,0,1,0,NoPHT,Static,HauntedIteSTL,200,6,0,0,0,0,0,0,0,0,Insecure
tea_encrypt_O2_main,1,1,1,0,0,0,0,0,1,1,0,2,1241.547205,6,1,0,7,0.55452,7,2,0,9,1242.101725,0,0,0,0,0,7,2,0,9,1242.101725,18945,54874,9,226,1,32,32,0,0,32,0,4737,806,61,0,0,0,1242.463653,0,0,inf,relational,1,row-map,boolector,0,1,0,NoPHT,Static,HauntedIteSTL,200,6,0,0,0,0,0,0,0,0,Insecure
tea_encrypt_O3_main,1,1,1,0,0,0,0,0,1,1,0,2,1290.695491,6,1,0,7,0.550113,7,2,0,9,1291.245604,0,0,0,0,0,7,2,0,9,1291.245604,18945,54874,9,226,1,32,32,0,0,32,0,4737,806,61,0,0,0,1291.613431,0,0,inf,relational,1,row-map,boolector,0,1,0,NoPHT,Static,HauntedIteSTL,200,6,0,0,0,0,0,0,0,0,Insecure
tea_encrypt_Of_main,1,1,1,0,0,0,0,0,1,1,0,2,1274.854005,6,1,0,7,0.53457,7,2,0,9,1275.388575,0,0,0,0,0,7,2,0,9,1275.388575,18945,54874,9,226,1,32,32,0,0,32,0,4737,806,61,0,0,0,1275.741133,0,0,inf,relational,1,row-map,boolector,0,1,0,NoPHT,Static,HauntedIteSTL,200,6,0,0,0,0,0,0,0,0,Insecure
spectrev1_case_1,1,1,1,2,0,0,2,0.009334,0,0,0,0,0,0,1,0,1,0.007188,0,1,0,1,0.007188,0,0,0,0,0,2,1,0,3,0.016522,648.333333,787,1,20,2,1,1,0,0,0,0,95,27,24,0,0,0,0.041828,0,0,inf,relational,1,row-map,boolector,0,0,0,NoPHT,Static,NoSTL,200,0,0,0,0,0,0,0,0,0,Secure
spectrev1_case_2,1,1,1,2,0,0,2,0.008733,0,0,0,0,0,0,1,0,1,0.007605,0,1,0,1,0.007605,0,0,0,0,0,2,1,0,3,0.016338,682.333333,889,1,29,2,1,1,0,0,0,0,137,39,36,0,0,0,0.041859,0,0,inf,relational,1,row-map,boolector,0,0,0,NoPHT,Static,NoSTL,200,0,0,0,0,0,0,0,0,0,Secure
spectrev1_case_3,1,1,1,2,0,0,2,0.008509,0,0,0,0,0,0,1,0,1,0.008275,0,1,0,1,0.008275,0,0,0,0,0,2,1,0,3,0.016784,682.333333,889,1,29,2,1,1,0,0,0,0,137,39,36,0,0,0,0.043737,0,0,inf,relational,1,row-map,boolector,0,0,0,NoPHT,Static,NoSTL,200,0,0,0,0,0,0,0,0,0,Secure
spectrev1_case_4,1,1,1,2,0,0,2,0.008922,0,0,0,0,0,0,1,0,1,0.007163,0,1,0,1,0.007163,0,0,0,0,0,2,1,0,3,0.016085,737,981,1,21,2,1,1,0,0,0,0,131,32,29,0,0,0,0.041405,0,0,inf,relational,1,row-map,boolector,0,0,0,NoPHT,Static,NoSTL,200,0,0,0,0,0,0,0,0,0,Secure
spectrev1_case_5,1,1,1,33,1,0,34,0.556887,0,0,0,0,0,0,15,0,15,0.482477,0,15,0,15,0.482477,0,0,0,0,0,33,16,0,49,1.039364,5433.102041,10480,15,371,17,17,17,0,0,1,0,1161,268,35,0,0,0,1.516215,0,0,inf,relational,1,row-map,boolector,0,0,0,NoPHT,Static,NoSTL,200,0,0,0,0,0,0,0,0,0,Secure
spectrev1_case_6,1,1,1,2,0,0,2,0.010028,0,0,0,0,0,0,1,0,1,0.008755,0,1,0,1,0.008755,0,0,0,0,0,2,1,0,3,0.018783,887.333333,1026,1,33,2,1,1,0,0,0,0,198,54,47,0,0,0,0.044712,0,0,inf,relational,1,row-map,boolector,0,0,0,NoPHT,Static,NoSTL,200,0,0,0,0,0,0,0,0,0,Secure
spectrev1_case_7,1,1,1,5,1,0,6,0.025803,0,0,0,0,0,0,1,0,1,0.003541,0,1,0,1,0.003541,0,0,0,0,0,5,2,0,7,0.029344,892.285714,1210,1,51,3,3,3,0,0,1,0,238,66,43,0,0,0,0.067355,0,0,inf,relational,1,row-map,boolector,0,0,0,NoPHT,Static,NoSTL,200,0,0,0,0,0,0,0,0,0,Secure
spectrev1_case_8,1,1,1,2,0,0,2,0.00947,0,0,0,0,0,0,1,0,1,0.007431,0,1,0,1,0.007431,0,0,0,0,0,2,1,0,3,0.016901,649.333333,790,1,25,2,1,1,0,0,0,0,137,39,28,0,0,0,0.042299,0,0,inf,relational,1,row-map,boolector,0,0,0,NoPHT,Static,NoSTL,200,0,0,0,0,0,0,0,0,0,Secure
spectrev1_case_9,1,1,1,1,1,0,2,0.007085,0,0,0,0,0,0,0,0,0,0,0,0,0,0,0,0,0,0,0,0,1,1,0,2,0.007085,424,424,0,8,1,1,1,0,0,1,0,39,12,12,0,0,0,0.027099,0,0,inf,relational,1,row-map,boolector,0,0,0,NoPHT,Static,NoSTL,200,0,0,0,0,0,0,0,0,0,Secure
spectrev1_case_10,1,1,1,10,0,0,10,0.13205,0,1,0,1,0.008899,0,0,0,0,0,0,1,0,1,0.008899,0,0,0,0,0,10,1,0,11,0.140949,857.272727,923,1,29,3,2,2,0,0,0,0,108,33,27,0,0,0,0.183681,0,0,inf,relational,1,row-map,boolector,0,0,0,NoPHT,Static,NoSTL,200,0,0,0,0,0,0,0,0,0,Secure
spectrev1_case_11gcc,1,1,1,32,1,0,33,0.589509,0,2,0,2,0.006357,0,1,0,1,0.007257,0,3,0,3,0.013614,0,0,0,0,0,32,4,0,36,0.603123,1471.472222,1644,3,49,3,5,5,0,0,3,0,254,79,61,0,0,0,0.73561,0,0,inf,relational,1,row-map,boolector,0,0,0,NoPHT,Static,NoSTL,200,0,0,0,0,0,0,0,0,0,Secure
spectrev1_case_11ker,1,1,1,11,0,0,11,0.110382,0,1,0,1,0.003432,0,1,0,1,0.007669,0,2,0,2,0.011101,0,0,0,0,0,11,2,0,13,0.121483,1332.230769,1513,2,75,3,4,4,0,0,2,0,261,72,58,0,0,0,0.182065,0,0,inf,relational,1,row-map,boolector,0,0,0,NoPHT,Static,NoSTL,200,0,0,0,0,0,0,0,0,0,Secure
spectrev1_case_11sub,1,1,1,2,0,0,2,0.009011,0,0,0,0,0,0,1,0,1,0.008756,0,1,0,1,0.008756,0,0,0,0,0,2,1,0,3,0.017767,778.666667,1178,1,51,2,3,3,0,0,2,0,192,51,48,0,0,0,0.045646,0,0,inf,relational,1,row-map,boolector,0,0,0,NoPHT,Static,NoSTL,200,0,0,0,0,0,0,0,0,0,Secure
spectrev1_case_12,1,1,1,2,0,0,2,0.02439,0,0,0,0,0,0,1,0,1,0.017211,0,1,0,1,0.017211,0,0,0,0,0,2,1,0,3,0.041601,934,1190,1,28,2,1,1,0,0,0,0,158,44,40,0,0,0,0.070115,0,0,inf,relational,1,row-map,boolector,0,0,0,NoPHT,Static,NoSTL,200,0,0,0,0,0,0,0,0,0,Secure
spectrev1_case_13,1,1,1,2,0,0,2,0.008835,0,0,0,0,0,0,1,0,1,0.008457,0,1,0,1,0.008457,0,0,0,0,0,2,1,0,3,0.017292,685.333333,838,1,26,2,3,3,0,0,2,0,129,39,33,0,0,0,0.041835,0,0,inf,relational,1,row-map,boolector,0,0,0,NoPHT,Static,NoSTL,200,0,0,0,0,0,0,0,0,0,Secure
spectrev1_case_14,1,1,1,2,0,0,2,0.008721,0,0,0,0,0,0,1,0,1,0.008717,0,1,0,1,0.008717,0,0,0,0,0,2,1,0,3,0.017438,738.333333,911,1,31,2,1,1,0,0,0,0,164,46,40,0,0,0,0.04444,0,0,inf,relational,1,row-map,boolector,0,0,0,NoPHT,Static,NoSTL,200,0,0,0,0,0,0,0,0,0,Secure
spectrev4_case_1,1,1,1,0,0,0,0,0,0,0,0,0,0,0,0,0,0,0,0,0,0,0,0,0,0,0,0,0,0,0,0,0,0,-nan,0,0,15,1,0,0,0,0,0,0,95,27,27,0,0,0,0.017666,0,0,inf,relational,1,row-map,boolector,0,0,0,NoPHT,Static,NoSTL,200,0,0,0,0,0,0,0,0,0,Secure
spectrev4_case_2,1,1,1,0,0,0,0,0,0,0,0,0,0,0,1,0,1,0.003854,0,1,0,1,0.003854,0,0,0,0,0,0,1,0,1,0.003854,599,599,1,9,1,0,0,0,0,0,0,65,16,16,0,0,0,0.022536,0,0,inf,relational,1,row-map,boolector,0,0,0,NoPHT,Static,NoSTL,200,0,0,0,0,0,0,0,0,0,Secure
spectrev4_case_3,1,1,1,0,0,0,0,0,0,0,0,0,0,0,1,0,1,0.003868,0,1,0,1,0.003868,0,0,0,0,0,0,1,0,1,0.003868,492,492,1,7,1,0,0,0,0,0,0,58,16,16,0,0,0,0.022796,0,0,inf,relational,1,row-map,boolector,0,0,0,NoPHT,Static,NoSTL,200,0,0,0,0,0,0,0,0,0,Secure
spectrev4_case_4,1,1,1,0,0,0,0,0,0,0,0,0,0,0,0,0,0,0,0,0,0,0,0,0,0,0,0,0,0,0,0,0,0,-nan,0,0,9,1,0,0,0,0,0,0,62,18,18,0,0,0,0.016778,0,0,inf,relational,1,row-map,boolector,0,0,0,NoPHT,Static,NoSTL,200,0,0,0,0,0,0,0,0,0,Secure
spectrev4_case_5,1,1,1,0,0,0,0,0,0,0,0,0,0,0,1,0,1,0.004566,0,1,0,1,0.004566,0,0,0,0,0,0,1,0,1,0.004566,646,646,1,11,1,0,0,0,0,0,0,83,21,21,0,0,0,0.023497,0,0,inf,relational,1,row-map,boolector,0,0,0,NoPHT,Static,NoSTL,200,0,0,0,0,0,0,0,0,0,Secure
spectrev4_case_6,1,1,1,0,0,0,0,0,0,0,0,0,0,0,1,0,1,0.003958,0,1,0,1,0.003958,0,0,0,0,0,0,1,0,1,0.003958,652,652,1,12,1,0,0,0,0,0,0,85,22,22,0,0,0,0.024621,0,0,inf,relational,1,row-map,boolector,0,0,0,NoPHT,Static,NoSTL,200,0,0,0,0,0,0,0,0,0,Secure
spectrev4_case_7,1,1,1,0,0,0,0,0,0,0,0,0,0,0,1,0,1,0.005373,0,1,0,1,0.005373,0,0,0,0,0,0,1,0,1,0.005373,539,539,1,11,1,0,0,0,0,0,0,70,18,18,0,0,0,0.024555,0,0,inf,relational,1,row-map,boolector,0,0,0,NoPHT,Static,NoSTL,200,0,0,0,0,0,0,0,0,0,Secure
spectrev4_case_8,1,1,1,0,0,0,0,0,0,0,0,0,0,0,0,0,0,0,0,0,0,0,0,0,0,0,0,0,0,0,0,0,0,-nan,0,0,12,1,0,0,0,0,0,0,61,16,16,0,0,0,0.016834,0,0,inf,relational,1,row-map,boolector,0,0,0,NoPHT,Static,NoSTL,200,0,0,0,0,0,0,0,0,0,Secure
spectrev4_case_9,1,1,1,0,0,0,0,0,0,0,0,0,0,0,1,0,1,0.022974,0,1,0,1,0.022974,0,0,0,0,0,0,1,0,1,0.022974,37957,37957,1,611,1,201,201,0,0,201,0,8284,2226,33,0,0,0,0.251557,0,0,inf,relational,1,row-map,boolector,0,0,0,NoPHT,Static,NoSTL,200,0,0,0,0,0,0,0,0,0,Secure
spectrev4_case_9_bis,1,1,1,0,0,0,0,0,0,0,0,0,0,0,1,0,1,0.002901,0,1,0,1,0.002901,0,0,0,0,0,0,1,0,1,0.002901,2427,2427,1,41,1,11,11,0,0,11,0,494,136,33,0,0,0,0.032937,0,0,inf,relational,1,row-map,boolector,0,0,0,NoPHT,Static,NoSTL,200,0,0,0,0,0,0,0,0,0,Secure
spectrev4_case_10,1,1,1,0,0,0,0,0,0,0,0,0,0,0,1,0,1,0.004194,0,1,0,1,0.004194,0,0,0,0,0,0,1,0,1,0.004194,729,729,1,16,1,0,0,0,0,0,0,106,27,27,0,0,0,0.024333,0,0,inf,relational,1,row-map,boolector,0,0,0,NoPHT,Static,NoSTL,200,0,0,0,0,0,0,0,0,0,Secure
spectrev4_case_11,1,1,1,0,0,0,0,0,0,0,0,0,0,0,1,0,1,0.004682,0,1,0,1,0.004682,0,0,0,0,0,0,1,0,1,0.004682,674,674,1,18,1,0,0,0,0,0,0,109,28,28,0,0,0,0.026368,0,0,inf,relational,1,row-map,boolector,0,0,0,NoPHT,Static,NoSTL,200,0,0,0,0,0,0,0,0,0,Secure
spectrev4_case_12,1,1,1,0,0,0,0,0,0,0,0,0,0,0,1,0,1,0.004637,0,1,0,1,0.004637,0,0,0,0,0,0,1,0,1,0.004637,595,595,1,14,1,0,0,0,0,0,0,88,25,25,0,0,0,0.024804,0,0,inf,relational,1,row-map,boolector,0,0,0,NoPHT,Static,NoSTL,200,0,0,0,0,0,0,0,0,0,Secure
spectrev4_case_13,1,1,1,0,0,0,0,0,0,0,0,0,0,0,1,0,1,0.004117,0,1,0,1,0.004117,0,0,0,0,0,0,1,0,1,0.004117,664,664,1,16,1,0,0,0,0,0,0,102,28,28,0,0,0,0.026242,0,0,inf,relational,1,row-map,boolector,0,0,0,NoPHT,Static,NoSTL,200,0,0,0,0,0,0,0,0,0,Secure
spectrev1_case_1,1,1,1,0,0,0,0,0,0,0,0,0,0,1,0,0,1,0.015967,1,0,0,1,0.015967,0,0,0,0,0,1,0,0,1,0.015967,780,780,1,21,2,1,1,1,0,0,0,97,28,24,0,0,0,0.036901,0,0,inf,relational,1,row-map,boolector,0,2,0,Haunted,Full,NoSTL,200,1,0,0,0,0,0,0,0,0,Insecure
spectrev1_case_2,1,1,1,0,0,0,0,0,0,0,0,0,0,1,0,0,1,0.014894,1,0,0,1,0.014894,0,0,0,0,0,1,0,0,1,0.014894,882,882,1,30,2,1,1,1,0,0,0,139,40,36,0,0,0,0.038874,0,0,inf,relational,1,row-map,boolector,0,2,0,Haunted,Full,NoSTL,200,1,0,0,0,0,0,0,0,0,Insecure
spectrev1_case_3,1,1,1,0,0,0,0,0,0,0,0,0,0,1,0,0,1,0.014812,1,0,0,1,0.014812,0,0,0,0,0,1,0,0,1,0.014812,882,882,1,30,2,1,1,1,0,0,0,139,40,36,0,0,0,0.037067,0,0,inf,relational,1,row-map,boolector,0,2,0,Haunted,Full,NoSTL,200,1,0,0,0,0,0,0,0,0,Insecure
spectrev1_case_4,1,1,1,0,0,0,0,0,0,0,0,0,0,1,0,0,1,0.013495,1,0,0,1,0.013495,0,0,0,0,0,1,0,0,1,0.013495,974,974,1,22,2,1,1,1,0,0,0,133,33,29,0,0,0,0.036871,0,0,inf,relational,1,row-map,boolector,0,2,0,Haunted,Full,NoSTL,200,1,0,0,0,0,0,0,0,0,Insecure
spectrev1_case_5,1,1,1,16,1,0,17,0.64782,0,0,0,0,0,1,0,0,1,0.023646,1,0,0,1,0.023646,0,0,0,0,0,17,1,0,18,0.671467,14227.5,20124,30,777,33,32,32,32,0,0,0,2303,543,35,0,0,0,1.432308,0,0,inf,relational,1,row-map,boolector,0,33,0,Haunted,Full,NoSTL,200,1,0,0,0,0,0,0,0,0,Insecure
spectrev1_case_6,1,1,1,0,0,0,0,0,0,0,0,0,0,1,0,0,1,0.021068,1,0,0,1,0.021068,0,0,0,0,0,1,0,0,1,0.021068,1019,1019,1,34,2,1,1,1,0,0,0,200,55,47,0,0,0,0.044383,0,0,inf,relational,1,row-map,boolector,0,2,0,Haunted,Full,NoSTL,200,1,0,0,0,0,0,0,0,0,Insecure
spectrev1_case_7,1,1,1,0,0,0,0,0,0,0,0,0,0,1,0,0,1,0.016079,1,0,0,1,0.016079,0,0,0,0,0,1,0,0,1,0.016079,835,835,1,55,4,3,3,3,0,0,0,263,74,43,0,0,0,0.041342,0,0,inf,relational,1,row-map,boolector,0,4,0,Haunted,Full,NoSTL,200,1,0,0,0,0,0,0,0,0,Insecure
spectrev1_case_8,1,1,1,0,0,0,0,0,0,0,0,0,0,1,0,0,1,0.015989,1,0,0,1,0.015989,0,0,0,0,0,1,0,0,1,0.015989,783,783,1,28,2,1,1,1,0,0,0,139,40,28,0,0,0,0.036712,0,0,inf,relational,1,row-map,boolector,0,2,0,Haunted,Full,NoSTL,200,1,0,0,0,0,0,0,0,0,Insecure
spectrev1_case_9,1,1,1,0,0,0,0,0,0,0,0,0,0,1,0,0,1,0.013759,1,0,0,1,0.013759,0,0,0,0,0,1,0,0,1,0.013759,625,625,1,14,2,1,1,1,0,0,0,84,25,21,0,0,0,0.034606,0,0,inf,relational,1,row-map,boolector,0,2,0,Haunted,Full,NoSTL,200,1,0,0,0,0,0,0,0,0,Insecure
spectrev1_case_10,1,1,1,0,0,0,0,0,1,0,0,1,0.014724,0,0,0,0,0,1,0,0,1,0.014724,0,0,0,0,0,1,0,0,1,0.014724,892,892,1,30,3,2,2,2,0,0,0,112,35,27,0,0,0,0.036834,0,0,inf,relational,1,row-map,boolector,0,3,0,Haunted,Full,NoSTL,200,1,0,0,0,0,0,0,0,0,Insecure
spectrev1_case_11gcc,1,1,1,14,0,0,14,1.47874,142,0,0,142,10.010877,2,0,0,2,0.055641,144,0,0,144,10.066518,0,0,0,0,0,158,0,0,158,11.545258,1961.708861,5740,63,583,50,49,49,49,0,0,0,2541,883,63,0,0,0,12.209608,0,0,inf,relational,1,row-map,boolector,0,50,0,Haunted,Full,NoSTL,200,4,0,0,0,0,0,0,0,0,Insecure
spectrev1_case_11ker,1,1,1,11,0,0,11,1.002296,104,0,0,104,6.629724,1,0,0,1,0.015888,105,0,0,105,6.645612,0,0,0,0,0,116,0,0,116,7.647907,2378.181034,9757,27,651,29,28,28,28,0,0,0,1802,521,58,0,0,0,8.339006,0,0,inf,relational,1,row-map,boolector,0,29,0,Haunted,Full,NoSTL,200,2,0,0,0,0,0,0,0,0,Insecure
spectrev1_case_11sub,1,1,1,4,0,0,4,0.143909,104,0,0,104,6.47677,2,0,0,2,0.057137,106,0,0,106,6.533907,0,0,0,0,0,110,0,0,110,6.677816,1818.981818,10289,88,851,48,47,47,47,0,0,0,3267,899,56,0,0,0,7.22292,0,0,inf,relational,1,row-map,boolector,0,48,0,Haunted,Full,NoSTL,200,3,0,0,0,0,0,0,0,0,Insecure
spectrev1_case_12,1,1,1,0,0,0,0,0,0,0,0,0,0,1,0,0,1,0.024959,1,0,0,1,0.024959,0,0,0,0,0,1,0,0,1,0.024959,1183,1183,1,29,2,1,1,1,0,0,0,160,45,40,0,0,0,0.048683,0,0,inf,relational,1,row-map,boolector,0,2,0,Haunted,Full,NoSTL,200,1,0,0,0,0,0,0,0,0,Insecure
spectrev1_case_13,1,1,1,0,0,0,0,0,0,0,0,0,0,1,0,0,1,0.015776,1,0,0,1,0.015776,0,0,0,0,0,1,0,0,1,0.015776,831,831,1,27,4,3,3,1,2,0,0,135,42,33,0,0,0,0.037592,0,0,inf,relational,1,row-map,boolector,0,4,0,Haunted,Full,NoSTL,200,1,0,0,0,0,0,0,0,0,Insecure
spectrev1_case_14,1,1,1,0,0,0,0,0,0,0,0,0,0,1,0,0,1,0.018676,1,0,0,1,0.018676,0,0,0,0,0,1,0,0,1,0.018676,904,904,1,32,2,1,1,1,0,0,0,166,47,40,0,0,0,0.04366,0,0,inf,relational,1,row-map,boolector,0,2,0,Haunted,Full,NoSTL,200,1,0,0,0,0,0,0,0,0,Insecure
spectrev4_case_1,1,1,1,0,0,0,0,0,0,0,0,0,0,2,1,0,3,0.652551,2,1,0,3,0.652551,0,0,0,0,0,2,1,0,3,0.652551,735,934,3,14,1,0,0,0,0,0,0,95,27,27,0,0,0,0.677552,0,0,inf,relational,1,row-map,boolector,0,1,0,NoPHT,Static,HauntedIteSTL,200,2,0,0,0,0,0,0,0,0,Insecure
spectrev4_case_2,1,1,1,0,0,0,0,0,0,0,0,0,0,1,0,0,1,0.037559,1,0,0,1,0.037559,0,0,0,0,0,1,0,0,1,0.037559,638,638,1,10,1,0,0,0,0,0,0,65,16,16,0,0,0,0.057481,0,0,inf,relational,1,row-map,boolector,0,1,0,NoPHT,Static,HauntedIteSTL,200,1,0,0,0,0,0,0,0,0,Insecure
spectrev4_case_3,1,1,1,0,0,0,0,0,0,0,0,0,0,0,1,0,1,0.004647,0,1,0,1,0.004647,0,0,0,0,0,0,1,0,1,0.004647,508,508,1,7,1,0,0,0,0,0,0,58,16,16,0,0,0,0.023966,0,0,inf,relational,1,row-map,boolector,0,1,0,NoPHT,Static,HauntedIteSTL,200,0,0,0,0,0,0,0,0,0,Secure
spectrev4_case_4,1,1,1,0,0,0,0,0,0,0,0,0,0,1,0,0,1,0.010138,1,0,0,1,0.010138,0,0,0,0,0,1,0,0,1,0.010138,535,535,1,9,1,0,0,0,0,0,0,62,18,18,0,0,0,0.029946,0,0,inf,relational,1,row-map,boolector,0,1,0,NoPHT,Static,HauntedIteSTL,200,1,0,0,0,0,0,0,0,0,Insecure
spectrev4_case_5,1,1,1,0,0,0,0,0,0,0,0,0,0,1,0,0,1,0.039425,1,0,0,1,0.039425,0,0,0,0,0,1,0,0,1,0.039425,666,666,1,12,1,0,0,0,0,0,0,83,21,21,0,0,0,0.058568,0,0,inf,relational,1,row-map,boolector,0,1,0,NoPHT,Static,HauntedIteSTL,200,1,0,0,0,0,0,0,0,0,Insecure
spectrev4_case_6,1,1,1,0,0,0,0,0,0,0,0,0,0,3,1,0,4,0.327853,3,1,0,4,0.327853,0,0,0,0,0,3,1,0,4,0.327853,774,826,2,12,1,0,0,0,0,0,0,85,22,22,0,0,0,0.356233,0,0,inf,relational,1,row-map,boolector,0,1,0,NoPHT,Static,HauntedIteSTL,200,1,0,0,0,0,0,0,0,0,Insecure
spectrev4_case_7,1,1,1,0,0,0,0,0,0,0,0,0,0,1,0,0,1,0.451243,1,0,0,1,0.451243,0,0,0,0,0,1,0,0,1,0.451243,593,593,1,12,1,0,0,0,0,0,0,70,18,18,0,0,0,0.47399,0,0,inf,relational,1,row-map,boolector,0,1,0,NoPHT,Static,HauntedIteSTL,200,1,0,0,0,0,0,0,0,0,Insecure
spectrev4_case_8,1,1,1,0,0,0,0,0,0,0,0,0,0,1,0,0,1,0.047346,1,0,0,1,0.047346,0,0,0,0,0,1,0,0,1,0.047346,537,537,1,12,1,0,0,0,0,0,0,61,16,16,0,0,0,0.066501,0,0,inf,relational,1,row-map,boolector,0,1,0,NoPHT,Static,HauntedIteSTL,200,1,0,0,0,0,0,0,0,0,Insecure
spectrev4_case_9,1,1,1,0,0,0,0,0,0,0,0,0,0,0,1,0,1,0.436735,0,1,0,1,0.436735,0,0,0,0,0,0,1,0,1,0.436735,38713,38713,1,611,1,201,201,0,0,201,0,8284,2226,33,0,0,0,0.754139,0,0,inf,relational,1,row-map,boolector,0,1,0,NoPHT,Static,HauntedIteSTL,200,0,0,0,0,0,0,0,0,0,Secure
spectrev4_case_9_bis,1,1,1,0,0,0,0,0,0,0,0,0,0,1,0,0,1,0.016203,1,0,0,1,0.016203,0,0,0,0,0,1,0,0,1,0.016203,2855,2855,1,42,1,11,11,0,0,11,0,494,136,33,0,0,0,0.048248,0,0,inf,relational,1,row-map,boolector,0,1,0,NoPHT,Static,HauntedIteSTL,200,1,0,0,0,0,0,0,0,0,Insecure
spectrev4_case_10,1,1,1,0,0,0,0,0,0,0,0,0,0,4,0,0,4,1.325905,4,0,0,4,1.325905,0,0,0,0,0,4,0,0,4,1.325905,956.25,1005,2,18,1,0,0,0,0,0,0,106,27,27,0,0,0,1.355414,0,0,inf,relational,1,row-map,boolector,0,1,0,NoPHT,Static,HauntedIteSTL,200,2,0,0,0,0,0,0,0,0,Insecure
spectrev4_case_11,1,1,1,0,0,0,0,0,0,0,0,0,0,5,0,0,5,0.463771,5,0,0,5,0.463771,0,0,0,0,0,5,0,0,5,0.463771,882,888,1,20,1,0,0,0,0,0,0,109,28,28,0,0,0,0.495432,0,0,inf,relational,1,row-map,boolector,0,1,0,NoPHT,Static,HauntedIteSTL,200,1,0,0,0,0,0,0,0,0,Insecure
spectrev4_case_12,1,1,1,0,0,0,0,0,0,0,0,0,0,0,1,0,1,0.01228,0,1,0,1,0.01228,0,0,0,0,0,0,1,0,1,0.01228,665,665,1,15,1,0,0,0,0,0,0,88,25,25,0,0,0,0.034081,0,0,inf,relational,1,row-map,boolector,0,1,0,NoPHT,Static,HauntedIteSTL,200,0,0,0,0,0,0,0,0,0,Secure
spectrev4_case_13,1,1,1,0,0,0,0,0,0,0,0,0,0,0,1,0,1,0.008881,0,1,0,1,0.008881,0,0,0,0,0,0,1,0,1,0.008881,754,754,1,17,1,0,0,0,0,0,0,102,28,28,0,0,0,0.032083,0,0,inf,relational,1,row-map,boolector,0,1,0,NoPHT,Static,HauntedIteSTL,200,0,0,0,0,0,0,0,0,0,Secure
ed25519_main,1,1,1,1464,0,0,1464,410.553809,0,0,0,0,0,0,0,0,0,0,0,0,0,0,0,0,0,0,0,0,1464,0,0,1464,410.553809,230588.594945,458818,0,2972,1,3,1465,0,0,0,0,10435,64,62,0,0,0,3600.00929,0,0,inf,relational,1,row-map,boolector,0,1,0,NoPHT,Static,HauntedIteSTL,200,0,0,0,0,0,0,1,0,0,Unknown
sha512_main,1,1,1,278,0,0,278,2606.993323,13,14,0,27,798.229565,3,0,0,3,44.862402,16,14,0,30,843.091966,0,0,0,0,0,294,14,0,308,3450.085289,12603.227273,15641,1553,639111,37500,37492,116707,112638,4069,79169,0,3140315,721797,1494,0,0,0,3600.630334,0,0,inf,relational,1,row-map,boolector,0,37500,0,Haunted,Full,NoSTL,200,16,0,0,177,0,0,1,0,0,Insecure
sha512_main,1,1,1,717,0,0,717,2819.59975,0,3,0,3,22.523063,0,4,0,4,21.230157,0,7,0,7,43.75322,0,0,0,0,0,717,7,0,724,2863.35297,117953.140884,234002,7,1478,1,5,718,0,0,0,0,5305,90,86,0,0,0,3600.009457,0,0,inf,relational,1,row-map,boolector,0,1,0,NoPHT,Static,HauntedIteSTL,200,0,0,0,0,0,0,1,0,0,Unknown
sha512_main,1,1,1,8,0,0,8,0.077139,3,0,0,3,15.826111,0,0,0,0,0,3,0,0,3,15.826111,0,0,0,0,0,11,0,0,11,15.90325,4131.272727,4170,8,35659,5598,5608,6877,5499,1378,1249,0,226976,55006,692,0,0,0,30.769488,0,0,inf,relational,1,row-map,boolector,0,5598,0,Haunted,Full,NoSTL,200,3,0,0,56,0,0,0,1,0,Insecure
streamxor_main,1,1,1,16,0,0,16,0.239669,29,14,0,43,2055.044683,13,0,0,13,141.147354,42,14,0,56,2196.192038,0,0,0,0,0,58,14,0,72,2196.431706,6379.611111,9455,4439,5889397,847056,847061,851533,846473,5060,4464,0,33360181,8295385,739,0,0,0,3600.009189,0,0,inf,relational,1,row-map,boolector,0,847056,0,Haunted,Full,NoSTL,200,40,0,0,954,0,0,1,0,0,Insecure
streamxor_main,1,1,1,26,0,0,26,2765.560846,6,0,0,6,804.833597,0,0,0,0,0,6,0,0,6,804.833597,0,0,0,0,0,32,0,0,32,3570.394444,53232.8125,131861,24,351,1,27,27,0,0,0,0,1218,372,214,0,0,0,3600.009126,0,0,inf,relational,1,row-map,boolector,0,1,0,NoPHT,Static,HauntedIteSTL,200,6,0,0,0,0,0,1,0,0,Insecure
